StoreHouseID,PalletID,SerialBoardID,ProtectBoardID,PalletPosition,Position,QRCODEID
1,A0CD00001,C00001,PCB5001001,L,1,03O800222N0001
1,A0CD00001,C00001,PCB5001001,L,2,03O800222N0002
1,A0CD00001,C00001,PCB5001001,L,3,03O800222N0003
1,A0CD00001,C00001,PCB5001001,L,4,03O800222N0004
1,A0CD00001,C00001,PCB5001001,L,5,03O800222N0005
1,A0CD00001,C00001,PCB5001001,L,6,03O800222N0006
1,A0CD00002,C00002,PCB5002001,R,1,03O800222N0007
1,A0CD00002,C00002,PCB5002001,R,2,03O800222N0008
1,A0CD00002,C00002,PCB5002001,R,3,03O800222N0009
1,A0CD00002,C00002,PCB5002001,R,4,03O800222N0010
1,A0CD00002,C00002,PCB5002001,R,5,03O800222N0011
1,A0CD00002,C00002,PCB5002001,R,6,03O800222N0012
2,A0CD00003,C00003,PCB5003001,L,1,03O800222N0013
2,A0CD00003,C00003,PCB5003001,L,2,03O800222N0014
2,A0CD00003,C00003,PCB5003001,L,3,03O800222N0015
2,A0CD00003,C00003,PCB5003001,L,4,03O800222N0016
2,A0CD00003,C00003,PCB5003001,L,5,03O800222N0017
2,A0CD00003,C00003,PCB5003001,L,6,03O800222N0018
2,A0CD00004,C00004,PCB5004001,R,1,03O800222N0019
2,A0CD00004,C00004,PCB5004001,R,2,03O800222N0020
2,A0CD00004,C00004,PCB5004001,R,3,03O800222N0021
2,A0CD00004,C00004,PCB5004001,R,4,03O800222N0022
2,A0CD00004,C00004,PCB5004001,R,5,03O800222N0023
2,A0CD00004,C00004,PCB5004001,R,6,03O800222N0024
3,A0CD00005,C00005,PCB5005001,L,1,03O800222N0025
3,A0CD00005,C00005,PCB5005001,L,2,03O800222N0026
3,A0CD00005,C00005,PCB5005001,L,3,03O800222N0027
3,A0CD00005,C00005,PCB5005001,L,4,03O800222N0028
3,A0CD00005,C00005,PCB5005001,L,5,03O800222N0029
3,A0CD00005,C00005,PCB5005001,L,6,03O800222N0030
3,A0CD00006,C00006,PCB5006001,R,1,03O800222N0031
3,A0CD00006,C00006,PCB5006001,R,2,03O800222N0032
3,A0CD00006,C00006,PCB5006001,R,3,03O800222N0033
3,A0CD00006,C00006,PCB5006001,R,4,03O800222N0034
3,A0CD00006,C00006,PCB5006001,R,5,03O800222N0035
3,A0CD00006,C00006,PCB5006001,R,6,03O800222N0036
4,A0CD00007,C00007,PCB5007001,L,1,03O800222N0037
4,A0CD00007,C00007,PCB5007001,L,2,03O800222N0038
4,A0CD00007,C00007,PCB5007001,L,3,03O800222N0039
4,A0CD00007,C00007,PCB5007001,L,4,03O800222N0040
4,A0CD00007,C00007,PCB5007001,L,5,03O800222N0041
4,A0CD00007,C00007,PCB5007001,L,6,03O800222N0042
4,A0CD00008,C00008,PCB5008001,R,1,03O800222N0043
4,A0CD00008,C00008,PCB5008001,R,2,03O800222N0044
4,A0CD00008,C00008,PCB5008001,R,3,03O800222N0045
4,A0CD00008,C00008,PCB5008001,R,4,03O800222N0046
4,A0CD00008,C00008,PCB5008001,R,5,03O800222N0047
4,A0CD00008,C00008,PCB5008001,R,6,03O800222N0048
5,A0CD00009,C00009,PCB5009001,L,1,03O800222N0049
5,A0CD00009,C00009,PCB5009001,L,2,03O800222N0050
5,A0CD00009,C00009,PCB5009001,L,3,03O800222N0051
5,A0CD00009,C00009,PCB5009001,L,4,03O800222N0052
5,A0CD00009,C00009,PCB5009001,L,5,03O800222N0053
5,A0CD00009,C00009,PCB5009001,L,6,03O800222N0054
5,A0CD00010,C00010,PCB5010001,R,1,03O800222N0055
5,A0CD00010,C00010,PCB5010001,R,2,03O800222N0056
5,A0CD00010,C00010,PCB5010001,R,3,03O800222N0057
5,A0CD00010,C00010,PCB5010001,R,4,03O800222N0058
5,A0CD00010,C00010,PCB5010001,R,5,03O800222N0059
5,A0CD00010,C00010,PCB5010001,R,6,03O800222N0060
6,A0CD00011,C00011,PCB5011001,L,1,03O800222N0061
6,A0CD00011,C00011,PCB5011001,L,2,03O800222N0062
6,A0CD00011,C00011,PCB5011001,L,3,03O800222N0063
6,A0CD00011,C00011,PCB5011001,L,4,03O800222N0064
6,A0CD00011,C00011,PCB5011001,L,5,03O800222N0065
6,A0CD00011,C00011,PCB5011001,L,6,03O800222N0066
6,A0CD00012,C00012,PCB5012001,R,1,03O800222N0067
6,A0CD00012,C00012,PCB5012001,R,2,03O800222N0068
6,A0CD00012,C00012,PCB5012001,R,3,03O800222N0069
6,A0CD00012,C00012,PCB5012001,R,4,03O800222N0070
6,A0CD00012,C00012,PCB5012001,R,5,03O800222N0071
6,A0CD00012,C00012,PCB5012001,R,6,03O800222N0072
7,A0CD01812,C00013,PCB5013001,L,1,03O800222N0191
7,A0CD01812,C00013,PCB5013001,L,2,03O800222N0192
7,A0CD01812,C00013,PCB5013001,L,3,03O800222N0193
7,A0CD01812,C00013,PCB5013001,L,4,03O800222N0194
7,A0CD01812,C00013,PCB5013001,L,5,03O800222N0195
7,A0CD01812,C00013,PCB5013001,L,6,03O800222N0196
7,A0CD0558A,C00014,PCB5014001,R,1,03O800222N0201
7,A0CD0558A,C00014,PCB5014001,R,2,03O800222N0202
7,A0CD0558A,C00014,PCB5014001,R,3,03O800222N0203
7,A0CD0558A,C00014,PCB5014001,R,4,03O800222N0204
7,A0CD0558A,C00014,PCB5014001,R,5,03O800222N0205
7,A0CD0558A,C00014,PCB5014001,R,6,03O800222N0206
8,A0CD00015,C00015,PCB5015001,L,1,03O800222N0085
8,A0CD00015,C00015,PCB5015001,L,2,03O800222N0086
8,A0CD00015,C00015,PCB5015001,L,3,03O800222N0087
8,A0CD00015,C00015,PCB5015001,L,4,03O800222N0088
8,A0CD00015,C00015,PCB5015001,L,5,03O800222N0089
8,A0CD00015,C00015,PCB5015001,L,6,03O800222N0090
8,A0CD00016,C00016,PCB5016001,R,1,03O800222N0091
8,A0CD00016,C00016,PCB5016001,R,2,03O800222N0092
8,A0CD00016,C00016,PCB5016001,R,3,03O800222N0093
8,A0CD00016,C00016,PCB5016001,R,4,03O800222N0094
8,A0CD00016,C00016,PCB5016001,R,5,03O800222N0095
8,A0CD00016,C00016,PCB5016001,R,6,03O800222N0096
9,A0CD00017,C00017,PCB5017001,L,1,03O800222N0097
9,A0CD00017,C00017,PCB5017001,L,2,03O800222N0098
9,A0CD00017,C00017,PCB5017001,L,3,03O800222N0099
9,A0CD00017,C00017,PCB5017001,L,4,03O800222N0100
9,A0CD00017,C00017,PCB5017001,L,5,03O800222N0101
9,A0CD00017,C00017,PCB5017001,L,6,03O800222N0102
9,A0CD00018,C00018,PCB5018001,R,1,03O800222N0103
9,A0CD00018,C00018,PCB5018001,R,2,03O800222N0104
9,A0CD00018,C00018,PCB5018001,R,3,03O800222N0105
9,A0CD00018,C00018,PCB5018001,R,4,03O800222N0106
9,A0CD00018,C00018,PCB5018001,R,5,03O800222N0107
9,A0CD00018,C00018,PCB5018001,R,6,03O800222N0108
10,A0CD00019,C00019,PCB5019001,L,1,03O800222N0109
10,A0CD00019,C00019,PCB5019001,L,2,03O800222N0110
10,A0CD00019,C00019,PCB5019001,L,3,03O800222N0111
10,A0CD00019,C00019,PCB5019001,L,4,03O800222N0112
10,A0CD00019,C00019,PCB5019001,L,5,03O800222N0113
10,A0CD00019,C00019,PCB5019001,L,6,03O800222N0114
10,A0CD00020,C00020,PCB5020001,R,1,03O800222N0115
10,A0CD00020,C00020,PCB5020001,R,2,03O800222N0116
10,A0CD00020,C00020,PCB5020001,R,3,03O800222N0117
10,A0CD00020,C00020,PCB5020001,R,4,03O800222N0118
10,A0CD00020,C00020,PCB5020001,R,5,03O800222N0119
10,A0CD00020,C00020,PCB5020001,R,6,03O800222N0120
11,A0CD00021,C00021,PCB5021001,L,1,03O800222N0121
11,A0CD00021,C00021,PCB5021001,L,2,03O800222N0122
11,A0CD00021,C00021,PCB5021001,L,3,03O800222N0123
11,A0CD00021,C00021,PCB5021001,L,4,03O800222N0124
11,A0CD00021,C00021,PCB5021001,L,5,03O800222N0125
11,A0CD00021,C00021,PCB5021001,L,6,03O800222N0126
11,A0CD00022,C00022,PCB5022001,R,1,03O800222N0127
11,A0CD00022,C00022,PCB5022001,R,2,03O800222N0128
11,A0CD00022,C00022,PCB5022001,R,3,03O800222N0129
11,A0CD00022,C00022,PCB5022001,R,4,03O800222N0130
11,A0CD00022,C00022,PCB5022001,R,5,03O800222N0131
11,A0CD00022,C00022,PCB5022001,R,6,03O800222N0132
12,A0CD00023,C00023,PCB5023001,L,1,03O800222N0133
12,A0CD00023,C00023,PCB5023001,L,2,03O800222N0134
12,A0CD00023,C00023,PCB5023001,L,3,03O800222N0135
12,A0CD00023,C00023,PCB5023001,L,4,03O800222N0136
12,A0CD00023,C00023,PCB5023001,L,5,03O800222N0137
12,A0CD00023,C00023,PCB5023001,L,6,03O800222N0138
12,A0CD00024,C00024,PCB5024001,R,1,03O800222N0139
12,A0CD00024,C00024,PCB5024001,R,2,03O800222N0140
12,A0CD00024,C00024,PCB5024001,R,3,03O800222N0141
12,A0CD00024,C00024,PCB5024001,R,4,03O800222N0142
12,A0CD00024,C00024,PCB5024001,R,5,03O800222N0143
12,A0CD00024,C00024,PCB5024001,R,6,03O800222N0144
13,A0CD00025,C00025,PCB5025001,L,1,03O800222N0145
13,A0CD00025,C00025,PCB5025001,L,2,03O800222N0146
13,A0CD00025,C00025,PCB5025001,L,3,03O800222N0147
13,A0CD00025,C00025,PCB5025001,L,4,03O800222N0148
13,A0CD00025,C00025,PCB5025001,L,5,03O800222N0149
13,A0CD00025,C00025,PCB5025001,L,6,03O800222N0150
13,A0CD00026,C00026,PCB5026001,R,1,03O800222N0151
13,A0CD00026,C00026,PCB5026001,R,2,03O800222N0152
13,A0CD00026,C00026,PCB5026001,R,3,03O800222N0153
13,A0CD00026,C00026,PCB5026001,R,4,03O800222N0154
13,A0CD00026,C00026,PCB5026001,R,5,03O800222N0155
13,A0CD00026,C00026,PCB5026001,R,6,03O800222N0156
14,A0CD00027,C00027,PCB5027001,L,1,03O800222N0157
14,A0CD00027,C00027,PCB5027001,L,2,03O800222N0158
14,A0CD00027,C00027,PCB5027001,L,3,03O800222N0159
14,A0CD00027,C00027,PCB5027001,L,4,03O800222N0160
14,A0CD00027,C00027,PCB5027001,L,5,03O800222N0161
14,A0CD00027,C00027,PCB5027001,L,6,03O800222N0162
14,A0CD00028,C00028,PCB5028001,R,1,03O800222N0163
14,A0CD00028,C00028,PCB5028001,R,2,03O800222N0164
14,A0CD00028,C00028,PCB5028001,R,3,03O800222N0165
14,A0CD00028,C00028,PCB5028001,R,4,03O800222N0166
14,A0CD00028,C00028,PCB5028001,R,5,03O800222N0167
14,A0CD00028,C00028,PCB5028001,R,6,03O800222N0168
15,A0CD00029,C00029,PCB5029001,L,1,03O800222N0169
15,A0CD00029,C00029,PCB5029001,L,2,03O800222N0170
15,A0CD00029,C00029,PCB5029001,L,3,03O800222N0171
15,A0CD00029,C00029,PCB5029001,L,4,03O800222N0172
15,A0CD00029,C00029,PCB5029001,L,5,03O800222N0173
15,A0CD00029,C00029,PCB5029001,L,6,03O800222N0174
15,A0CD00030,C00030,PCB5030001,R,1,03O800222N0175
15,A0CD00030,C00030,PCB5030001,R,2,03O800222N0176
15,A0CD00030,C00030,PCB5030001,R,3,03O800222N0177
15,A0CD00030,C00030,PCB5030001,R,4,03O800222N0178
15,A0CD00030,C00030,PCB5030001,R,5,03O800222N0179
15,A0CD00030,C00030,PCB5030001,R,6,03O800222N0180
16,A0CD00031,C00031,PCB5031001,L,1,03O800222N0181
16,A0CD00031,C00031,PCB5031001,L,2,03O800222N0182
16,A0CD00031,C00031,PCB5031001,L,3,03O800222N0183
16,A0CD00031,C00031,PCB5031001,L,4,03O800222N0184
16,A0CD00031,C00031,PCB5031001,L,5,03O800222N0185
16,A0CD00031,C00031,PCB5031001,L,6,03O800222N0186
16,A0CD00032,C00032,PCB5032001,R,1,03O800222N0187
16,A0CD00032,C00032,PCB5032001,R,2,03O800222N0188
16,A0CD00032,C00032,PCB5032001,R,3,03O800222N0189
16,A0CD00032,C00032,PCB5032001,R,4,03O800222N0190
16,A0CD00032,C00032,PCB5032001,R,5,03O800222N0191
16,A0CD00032,C00032,PCB5032001,R,6,03O800222N0192
17,A0CD00033,C00033,PCB5033001,L,1,03O800222N0193
17,A0CD00033,C00033,PCB5033001,L,2,03O800222N0194
17,A0CD00033,C00033,PCB5033001,L,3,03O800222N0195
17,A0CD00033,C00033,PCB5033001,L,4,03O800222N0196
17,A0CD00033,C00033,PCB5033001,L,5,03O800222N0197
17,A0CD00033,C00033,PCB5033001,L,6,03O800222N0198
17,A0CD00034,C00034,PCB5034001,R,1,03O800222N0199
17,A0CD00034,C00034,PCB5034001,R,2,03O800222N0200
17,A0CD00034,C00034,PCB5034001,R,3,03O800222N0201
17,A0CD00034,C00034,PCB5034001,R,4,03O800222N0202
17,A0CD00034,C00034,PCB5034001,R,5,03O800222N0203
17,A0CD00034,C00034,PCB5034001,R,6,03O800222N0204
18,A0CD00035,C00035,PCB5035001,L,1,03O800222N0205
18,A0CD00035,C00035,PCB5035001,L,2,03O800222N0206
18,A0CD00035,C00035,PCB5035001,L,3,03O800222N0207
18,A0CD00035,C00035,PCB5035001,L,4,03O800222N0208
18,A0CD00035,C00035,PCB5035001,L,5,03O800222N0209
18,A0CD00035,C00035,PCB5035001,L,6,03O800222N0210
18,A0CD00036,C00036,PCB5036001,R,1,03O800222N0211
18,A0CD00036,C00036,PCB5036001,R,2,03O800222N0212
18,A0CD00036,C00036,PCB5036001,R,3,03O800222N0213
18,A0CD00036,C00036,PCB5036001,R,4,03O800222N0214
18,A0CD00036,C00036,PCB5036001,R,5,03O800222N0215
18,A0CD00036,C00036,PCB5036001,R,6,03O800222N0216
19,A0CD00037,C00037,PCB5037001,L,1,03O800222N0217
19,A0CD00037,C00037,PCB5037001,L,2,03O800222N0218
19,A0CD00037,C00037,PCB5037001,L,3,03O800222N0219
19,A0CD00037,C00037,PCB5037001,L,4,03O800222N0220
19,A0CD00037,C00037,PCB5037001,L,5,03O800222N0221
19,A0CD00037,C00037,PCB5037001,L,6,03O800222N0222
19,A0CD00038,C00038,PCB5038001,R,1,03O800222N0223
19,A0CD00038,C00038,PCB5038001,R,2,03O800222N0224
19,A0CD00038,C00038,PCB5038001,R,3,03O800222N0225
19,A0CD00038,C00038,PCB5038001,R,4,03O800222N0226
19,A0CD00038,C00038,PCB5038001,R,5,03O800222N0227
19,A0CD00038,C00038,PCB5038001,R,6,03O800222N0228
20,A0CD00039,C00039,PCB5039001,L,1,03O800222N0229
20,A0CD00039,C00039,PCB5039001,L,2,03O800222N0230
20,A0CD00039,C00039,PCB5039001,L,3,03O800222N0231
20,A0CD00039,C00039,PCB5039001,L,4,03O800222N0232
20,A0CD00039,C00039,PCB5039001,L,5,03O800222N0233
20,A0CD00039,C00039,PCB5039001,L,6,03O800222N0234
20,A0CD00040,C00040,PCB5040001,R,1,03O800222N0235
20,A0CD00040,C00040,PCB5040001,R,2,03O800222N0236
20,A0CD00040,C00040,PCB5040001,R,3,03O800222N0237
20,A0CD00040,C00040,PCB5040001,R,4,03O800222N0238
20,A0CD00040,C00040,PCB5040001,R,5,03O800222N0239
20,A0CD00040,C00040,PCB5040001,R,6,03O800222N0240
21,A0CD00041,C00041,PCB5041001,L,1,03O800222N0241
21,A0CD00041,C00041,PCB5041001,L,2,03O800222N0242
21,A0CD00041,C00041,PCB5041001,L,3,03O800222N0243
21,A0CD00041,C00041,PCB5041001,L,4,03O800222N0244
21,A0CD00041,C00041,PCB5041001,L,5,03O800222N0245
21,A0CD00041,C00041,PCB5041001,L,6,03O800222N0246
21,A0CD00042,C00042,PCB5042001,R,1,03O800222N0247
21,A0CD00042,C00042,PCB5042001,R,2,03O800222N0248
21,A0CD00042,C00042,PCB5042001,R,3,03O800222N0249
21,A0CD00042,C00042,PCB5042001,R,4,03O800222N0250
21,A0CD00042,C00042,PCB5042001,R,5,03O800222N0251
21,A0CD00042,C00042,PCB5042001,R,6,03O800222N0252
22,A0CD00043,C00043,PCB5043001,L,1,03O800222N0253
22,A0CD00043,C00043,PCB5043001,L,2,03O800222N0254
22,A0CD00043,C00043,PCB5043001,L,3,03O800222N0255
22,A0CD00043,C00043,PCB5043001,L,4,03O800222N0256
22,A0CD00043,C00043,PCB5043001,L,5,03O800222N0257
22,A0CD00043,C00043,PCB5043001,L,6,03O800222N0258
22,A0CD00044,C00044,PCB5044001,R,1,03O800222N0259
22,A0CD00044,C00044,PCB5044001,R,2,03O800222N0260
22,A0CD00044,C00044,PCB5044001,R,3,03O800222N0261
22,A0CD00044,C00044,PCB5044001,R,4,03O800222N0262
22,A0CD00044,C00044,PCB5044001,R,5,03O800222N0263
22,A0CD00044,C00044,PCB5044001,R,6,03O800222N0264
23,A0CD00045,C00045,PCB5045001,L,1,03O800222N0265
23,A0CD00045,C00045,PCB5045001,L,2,03O800222N0266
23,A0CD00045,C00045,PCB5045001,L,3,03O800222N0267
23,A0CD00045,C00045,PCB5045001,L,4,03O800222N0268
23,A0CD00045,C00045,PCB5045001,L,5,03O800222N0269
23,A0CD00045,C00045,PCB5045001,L,6,03O800222N0270
23,A0CD00046,C00046,PCB5046001,R,1,03O800222N0271
23,A0CD00046,C00046,PCB5046001,R,2,03O800222N0272
23,A0CD00046,C00046,PCB5046001,R,3,03O800222N0273
23,A0CD00046,C00046,PCB5046001,R,4,03O800222N0274
23,A0CD00046,C00046,PCB5046001,R,5,03O800222N0275
23,A0CD00046,C00046,PCB5046001,R,6,03O800222N0276
24,A0CD00047,C00047,PCB5047001,L,1,03O800222N0277
24,A0CD00047,C00047,PCB5047001,L,2,03O800222N0278
24,A0CD00047,C00047,PCB5047001,L,3,03O800222N0279
24,A0CD00047,C00047,PCB5047001,L,4,03O800222N0280
24,A0CD00047,C00047,PCB5047001,L,5,03O800222N0281
24,A0CD00047,C00047,PCB5047001,L,6,03O800222N0282
24,A0CD00048,C00048,PCB5048001,R,1,03O800222N0283
24,A0CD00048,C00048,PCB5048001,R,2,03O800222N0284
24,A0CD00048,C00048,PCB5048001,R,3,03O800222N0285
24,A0CD00048,C00048,PCB5048001,R,4,03O800222N0286
24,A0CD00048,C00048,PCB5048001,R,5,03O800222N0287
24,A0CD00048,C00048,PCB5048001,R,6,03O800222N0288
25,A0CD00049,C00049,PCB5049001,L,1,03O800222N0289
25,A0CD00049,C00049,PCB5049001,L,2,03O800222N0290
25,A0CD00049,C00049,PCB5049001,L,3,03O800222N0291
25,A0CD00049,C00049,PCB5049001,L,4,03O800222N0292
25,A0CD00049,C00049,PCB5049001,L,5,03O800222N0293
25,A0CD00049,C00049,PCB5049001,L,6,03O800222N0294
25,A0CD00050,C00050,PCB5050001,R,1,03O800222N0295
25,A0CD00050,C00050,PCB5050001,R,2,03O800222N0296
25,A0CD00050,C00050,PCB5050001,R,3,03O800222N0297
25,A0CD00050,C00050,PCB5050001,R,4,03O800222N0298
25,A0CD00050,C00050,PCB5050001,R,5,03O800222N0299
25,A0CD00050,C00050,PCB5050001,R,6,03O800222N0300
26,A0CD00051,C00051,PCB5051001,L,1,03O800222N0301
26,A0CD00051,C00051,PCB5051001,L,2,03O800222N0302
26,A0CD00051,C00051,PCB5051001,L,3,03O800222N0303
26,A0CD00051,C00051,PCB5051001,L,4,03O800222N0304
26,A0CD00051,C00051,PCB5051001,L,5,03O800222N0305
26,A0CD00051,C00051,PCB5051001,L,6,03O800222N0306
26,A0CD00052,C00052,PCB5052001,R,1,03O800222N0307
26,A0CD00052,C00052,PCB5052001,R,2,03O800222N0308
26,A0CD00052,C00052,PCB5052001,R,3,03O800222N0309
26,A0CD00052,C00052,PCB5052001,R,4,03O800222N0310
26,A0CD00052,C00052,PCB5052001,R,5,03O800222N0311
26,A0CD00052,C00052,PCB5052001,R,6,03O800222N0312
27,A0CD00053,C00053,PCB5053001,L,1,03O800222N0313
27,A0CD00053,C00053,PCB5053001,L,2,03O800222N0314
27,A0CD00053,C00053,PCB5053001,L,3,03O800222N0315
27,A0CD00053,C00053,PCB5053001,L,4,03O800222N0316
27,A0CD00053,C00053,PCB5053001,L,5,03O800222N0317
27,A0CD00053,C00053,PCB5053001,L,6,03O800222N0318
27,A0CD00054,C00054,PCB5054001,R,1,03O800222N0319
27,A0CD00054,C00054,PCB5054001,R,2,03O800222N0320
27,A0CD00054,C00054,PCB5054001,R,3,03O800222N0321
27,A0CD00054,C00054,PCB5054001,R,4,03O800222N0322
27,A0CD00054,C00054,PCB5054001,R,5,03O800222N0323
27,A0CD00054,C00054,PCB5054001,R,6,03O800222N0324
28,A0CD00055,C00055,PCB5055001,L,1,03O800222N0325
28,A0CD00055,C00055,PCB5055001,L,2,03O800222N0326
28,A0CD00055,C00055,PCB5055001,L,3,03O800222N0327
28,A0CD00055,C00055,PCB5055001,L,4,03O800222N0328
28,A0CD00055,C00055,PCB5055001,L,5,03O800222N0329
28,A0CD00055,C00055,PCB5055001,L,6,03O800222N0330
28,A0CD00056,C00056,PCB5056001,R,1,03O800222N0331
28,A0CD00056,C00056,PCB5056001,R,2,03O800222N0332
28,A0CD00056,C00056,PCB5056001,R,3,03O800222N0333
28,A0CD00056,C00056,PCB5056001,R,4,03O800222N0334
28,A0CD00056,C00056,PCB5056001,R,5,03O800222N0335
28,A0CD00056,C00056,PCB5056001,R,6,03O800222N0336
29,A0CD00057,C00057,PCB5057001,L,1,03O800222N0337
29,A0CD00057,C00057,PCB5057001,L,2,03O800222N0338
29,A0CD00057,C00057,PCB5057001,L,3,03O800222N0339
29,A0CD00057,C00057,PCB5057001,L,4,03O800222N0340
29,A0CD00057,C00057,PCB5057001,L,5,03O800222N0341
29,A0CD00057,C00057,PCB5057001,L,6,03O800222N0342
29,A0CD00058,C00058,PCB5058001,R,1,03O800222N0343
29,A0CD00058,C00058,PCB5058001,R,2,03O800222N0344
29,A0CD00058,C00058,PCB5058001,R,3,03O800222N0345
29,A0CD00058,C00058,PCB5058001,R,4,03O800222N0346
29,A0CD00058,C00058,PCB5058001,R,5,03O800222N0347
29,A0CD00058,C00058,PCB5058001,R,6,03O800222N0348
30,A0CD00059,C00059,PCB5059001,L,1,03O800222N0349
30,A0CD00059,C00059,PCB5059001,L,2,03O800222N0350
30,A0CD00059,C00059,PCB5059001,L,3,03O800222N0351
30,A0CD00059,C00059,PCB5059001,L,4,03O800222N0352
30,A0CD00059,C00059,PCB5059001,L,5,03O800222N0353
30,A0CD00059,C00059,PCB5059001,L,6,03O800222N0354
30,A0CD00060,C00060,PCB5060001,R,1,03O800222N0355
30,A0CD00060,C00060,PCB5060001,R,2,03O800222N0356
30,A0CD00060,C00060,PCB5060001,R,3,03O800222N0357
30,A0CD00060,C00060,PCB5060001,R,4,03O800222N0358
30,A0CD00060,C00060,PCB5060001,R,5,03O800222N0359
30,A0CD00060,C00060,PCB5060001,R,6,03O800222N0360
31,A0CD00061,C00061,PCB5061001,L,1,03O800222N0361
31,A0CD00061,C00061,PCB5061001,L,2,03O800222N0362
31,A0CD00061,C00061,PCB5061001,L,3,03O800222N0363
31,A0CD00061,C00061,PCB5061001,L,4,03O800222N0364
31,A0CD00061,C00061,PCB5061001,L,5,03O800222N0365
31,A0CD00061,C00061,PCB5061001,L,6,03O800222N0366
31,A0CD00062,C00062,PCB5062001,R,1,03O800222N0367
31,A0CD00062,C00062,PCB5062001,R,2,03O800222N0368
31,A0CD00062,C00062,PCB5062001,R,3,03O800222N0369
31,A0CD00062,C00062,PCB5062001,R,4,03O800222N0370
31,A0CD00062,C00062,PCB5062001,R,5,03O800222N0371
31,A0CD00062,C00062,PCB5062001,R,6,03O800222N0372
32,A0CD00063,C00063,PCB5063001,L,1,03O800222N0373
32,A0CD00063,C00063,PCB5063001,L,2,03O800222N0374
32,A0CD00063,C00063,PCB5063001,L,3,03O800222N0375
32,A0CD00063,C00063,PCB5063001,L,4,03O800222N0376
32,A0CD00063,C00063,PCB5063001,L,5,03O800222N0377
32,A0CD00063,C00063,PCB5063001,L,6,03O800222N0378
32,A0CD00064,C00064,PCB5064001,R,1,03O800222N0379
32,A0CD00064,C00064,PCB5064001,R,2,03O800222N0380
32,A0CD00064,C00064,PCB5064001,R,3,03O800222N0381
32,A0CD00064,C00064,PCB5064001,R,4,03O800222N0382
32,A0CD00064,C00064,PCB5064001,R,5,03O800222N0383
32,A0CD00064,C00064,PCB5064001,R,6,03O800222N0384
33,A0CD00065,C00065,PCB5065001,L,1,03O800222N0385
33,A0CD00065,C00065,PCB5065001,L,2,03O800222N0386
33,A0CD00065,C00065,PCB5065001,L,3,03O800222N0387
33,A0CD00065,C00065,PCB5065001,L,4,03O800222N0388
33,A0CD00065,C00065,PCB5065001,L,5,03O800222N0389
33,A0CD00065,C00065,PCB5065001,L,6,03O800222N0390
33,A0CD00066,C00066,PCB5066001,R,1,03O800222N0391
33,A0CD00066,C00066,PCB5066001,R,2,03O800222N0392
33,A0CD00066,C00066,PCB5066001,R,3,03O800222N0393
33,A0CD00066,C00066,PCB5066001,R,4,03O800222N0394
33,A0CD00066,C00066,PCB5066001,R,5,03O800222N0395
33,A0CD00066,C00066,PCB5066001,R,6,03O800222N0396
34,A0CD00067,C00067,PCB5067001,L,1,03O800222N0397
34,A0CD00067,C00067,PCB5067001,L,2,03O800222N0398
34,A0CD00067,C00067,PCB5067001,L,3,03O800222N0399
34,A0CD00067,C00067,PCB5067001,L,4,03O800222N0400
34,A0CD00067,C00067,PCB5067001,L,5,03O800222N0401
34,A0CD00067,C00067,PCB5067001,L,6,03O800222N0402
34,A0CD00068,C00068,PCB5068001,R,1,03O800222N0403
34,A0CD00068,C00068,PCB5068001,R,2,03O800222N0404
34,A0CD00068,C00068,PCB5068001,R,3,03O800222N0405
34,A0CD00068,C00068,PCB5068001,R,4,03O800222N0406
34,A0CD00068,C00068,PCB5068001,R,5,03O800222N0407
34,A0CD00068,C00068,PCB5068001,R,6,03O800222N0408
35,A0CD00069,C00069,PCB5069001,L,1,03O800222N0409
35,A0CD00069,C00069,PCB5069001,L,2,03O800222N0410
35,A0CD00069,C00069,PCB5069001,L,3,03O800222N0411
35,A0CD00069,C00069,PCB5069001,L,4,03O800222N0412
35,A0CD00069,C00069,PCB5069001,L,5,03O800222N0413
35,A0CD00069,C00069,PCB5069001,L,6,03O800222N0414
35,A0CD00070,C00070,PCB5070001,R,1,03O800222N0415
35,A0CD00070,C00070,PCB5070001,R,2,03O800222N0416
35,A0CD00070,C00070,PCB5070001,R,3,03O800222N0417
35,A0CD00070,C00070,PCB5070001,R,4,03O800222N0418
35,A0CD00070,C00070,PCB5070001,R,5,03O800222N0419
35,A0CD00070,C00070,PCB5070001,R,6,03O800222N0420
36,A0CD00071,C00071,PCB5071001,L,1,03O800222N0421
36,A0CD00071,C00071,PCB5071001,L,2,03O800222N0422
36,A0CD00071,C00071,PCB5071001,L,3,03O800222N0423
36,A0CD00071,C00071,PCB5071001,L,4,03O800222N0424
36,A0CD00071,C00071,PCB5071001,L,5,03O800222N0425
36,A0CD00071,C00071,PCB5071001,L,6,03O800222N0426
36,A0CD00072,C00072,PCB5072001,R,1,03O800222N0427
36,A0CD00072,C00072,PCB5072001,R,2,03O800222N0428
36,A0CD00072,C00072,PCB5072001,R,3,03O800222N0429
36,A0CD00072,C00072,PCB5072001,R,4,03O800222N0430
36,A0CD00072,C00072,PCB5072001,R,5,03O800222N0431
36,A0CD00072,C00072,PCB5072001,R,6,03O800222N0432
37,A0CD00073,C00073,PCB5073001,L,1,03O800222N0433
37,A0CD00073,C00073,PCB5073001,L,2,03O800222N0434
37,A0CD00073,C00073,PCB5073001,L,3,03O800222N0435
37,A0CD00073,C00073,PCB5073001,L,4,03O800222N0436
37,A0CD00073,C00073,PCB5073001,L,5,03O800222N0437
37,A0CD00073,C00073,PCB5073001,L,6,03O800222N0438
37,A0CD00074,C00074,PCB5074001,R,1,03O800222N0439
37,A0CD00074,C00074,PCB5074001,R,2,03O800222N0440
37,A0CD00074,C00074,PCB5074001,R,3,03O800222N0441
37,A0CD00074,C00074,PCB5074001,R,4,03O800222N0442
37,A0CD00074,C00074,PCB5074001,R,5,03O800222N0443
37,A0CD00074,C00074,PCB5074001,R,6,03O800222N0444
38,A0CD00075,C00075,PCB5075001,L,1,03O800222N0445
38,A0CD00075,C00075,PCB5075001,L,2,03O800222N0446
38,A0CD00075,C00075,PCB5075001,L,3,03O800222N0447
38,A0CD00075,C00075,PCB5075001,L,4,03O800222N0448
38,A0CD00075,C00075,PCB5075001,L,5,03O800222N0449
38,A0CD00075,C00075,PCB5075001,L,6,03O800222N0450
38,A0CD00076,C00076,PCB5076001,R,1,03O800222N0451
38,A0CD00076,C00076,PCB5076001,R,2,03O800222N0452
38,A0CD00076,C00076,PCB5076001,R,3,03O800222N0453
38,A0CD00076,C00076,PCB5076001,R,4,03O800222N0454
38,A0CD00076,C00076,PCB5076001,R,5,03O800222N0455
38,A0CD00076,C00076,PCB5076001,R,6,03O800222N0456
39,A0CD00077,C00077,PCB5077001,L,1,03O800222N0457
39,A0CD00077,C00077,PCB5077001,L,2,03O800222N0458
39,A0CD00077,C00077,PCB5077001,L,3,03O800222N0459
39,A0CD00077,C00077,PCB5077001,L,4,03O800222N0460
39,A0CD00077,C00077,PCB5077001,L,5,03O800222N0461
39,A0CD00077,C00077,PCB5077001,L,6,03O800222N0462
39,A0CD00078,C00078,PCB5078001,R,1,03O800222N0463
39,A0CD00078,C00078,PCB5078001,R,2,03O800222N0464
39,A0CD00078,C00078,PCB5078001,R,3,03O800222N0465
39,A0CD00078,C00078,PCB5078001,R,4,03O800222N0466
39,A0CD00078,C00078,PCB5078001,R,5,03O800222N0467
39,A0CD00078,C00078,PCB5078001,R,6,03O800222N0468
40,A0CD00079,C00079,PCB5079001,L,1,03O800222N0469
40,A0CD00079,C00079,PCB5079001,L,2,03O800222N0470
40,A0CD00079,C00079,PCB5079001,L,3,03O800222N0471
40,A0CD00079,C00079,PCB5079001,L,4,03O800222N0472
40,A0CD00079,C00079,PCB5079001,L,5,03O800222N0473
40,A0CD00079,C00079,PCB5079001,L,6,03O800222N0474
40,A0CD00080,C00080,PCB5080001,R,1,03O800222N0475
40,A0CD00080,C00080,PCB5080001,R,2,03O800222N0476
40,A0CD00080,C00080,PCB5080001,R,3,03O800222N0477
40,A0CD00080,C00080,PCB5080001,R,4,03O800222N0478
40,A0CD00080,C00080,PCB5080001,R,5,03O800222N0479
40,A0CD00080,C00080,PCB5080001,R,6,03O800222N0480
41,A0CD00081,C00081,PCB5081001,L,1,03O800222N0481
41,A0CD00081,C00081,PCB5081001,L,2,03O800222N0482
41,A0CD00081,C00081,PCB5081001,L,3,03O800222N0483
41,A0CD00081,C00081,PCB5081001,L,4,03O800222N0484
41,A0CD00081,C00081,PCB5081001,L,5,03O800222N0485
41,A0CD00081,C00081,PCB5081001,L,6,03O800222N0486
41,A0CD00082,C00082,PCB5082001,R,1,03O800222N0487
41,A0CD00082,C00082,PCB5082001,R,2,03O800222N0488
41,A0CD00082,C00082,PCB5082001,R,3,03O800222N0489
41,A0CD00082,C00082,PCB5082001,R,4,03O800222N0490
41,A0CD00082,C00082,PCB5082001,R,5,03O800222N0491
41,A0CD00082,C00082,PCB5082001,R,6,03O800222N0492
42,A0CD00083,C00083,PCB5083001,L,1,03O800222N0493
42,A0CD00083,C00083,PCB5083001,L,2,03O800222N0494
42,A0CD00083,C00083,PCB5083001,L,3,03O800222N0495
42,A0CD00083,C00083,PCB5083001,L,4,03O800222N0496
42,A0CD00083,C00083,PCB5083001,L,5,03O800222N0497
42,A0CD00083,C00083,PCB5083001,L,6,03O800222N0498
42,A0CD00084,C00084,PCB5084001,R,1,03O800222N0499
42,A0CD00084,C00084,PCB5084001,R,2,03O800222N0500
42,A0CD00084,C00084,PCB5084001,R,3,03O800222N0501
42,A0CD00084,C00084,PCB5084001,R,4,03O800222N0502
42,A0CD00084,C00084,PCB5084001,R,5,03O800222N0503
42,A0CD00084,C00084,PCB5084001,R,6,03O800222N0504
43,A0CD00085,C00085,PCB5085001,L,1,03O800222N0505
43,A0CD00085,C00085,PCB5085001,L,2,03O800222N0506
43,A0CD00085,C00085,PCB5085001,L,3,03O800222N0507
43,A0CD00085,C00085,PCB5085001,L,4,03O800222N0508
43,A0CD00085,C00085,PCB5085001,L,5,03O800222N0509
43,A0CD00085,C00085,PCB5085001,L,6,03O800222N0510
43,A0CD00086,C00086,PCB5086001,R,1,03O800222N0511
43,A0CD00086,C00086,PCB5086001,R,2,03O800222N0512
43,A0CD00086,C00086,PCB5086001,R,3,03O800222N0513
43,A0CD00086,C00086,PCB5086001,R,4,03O800222N0514
43,A0CD00086,C00086,PCB5086001,R,5,03O800222N0515
43,A0CD00086,C00086,PCB5086001,R,6,03O800222N0516
44,A0CD00087,C00087,PCB5087001,L,1,03O800222N0517
44,A0CD00087,C00087,PCB5087001,L,2,03O800222N0518
44,A0CD00087,C00087,PCB5087001,L,3,03O800222N0519
44,A0CD00087,C00087,PCB5087001,L,4,03O800222N0520
44,A0CD00087,C00087,PCB5087001,L,5,03O800222N0521
44,A0CD00087,C00087,PCB5087001,L,6,03O800222N0522
44,A0CD00088,C00088,PCB5088001,R,1,03O800222N0523
44,A0CD00088,C00088,PCB5088001,R,2,03O800222N0524
44,A0CD00088,C00088,PCB5088001,R,3,03O800222N0525
44,A0CD00088,C00088,PCB5088001,R,4,03O800222N0526
44,A0CD00088,C00088,PCB5088001,R,5,03O800222N0527
44,A0CD00088,C00088,PCB5088001,R,6,03O800222N0528
45,A0CD00089,C00089,PCB5089001,L,1,03O800222N0529
45,A0CD00089,C00089,PCB5089001,L,2,03O800222N0530
45,A0CD00089,C00089,PCB5089001,L,3,03O800222N0531
45,A0CD00089,C00089,PCB5089001,L,4,03O800222N0532
45,A0CD00089,C00089,PCB5089001,L,5,03O800222N0533
45,A0CD00089,C00089,PCB5089001,L,6,03O800222N0534
45,A0CD00090,C00090,PCB5090001,R,1,03O800222N0535
45,A0CD00090,C00090,PCB5090001,R,2,03O800222N0536
45,A0CD00090,C00090,PCB5090001,R,3,03O800222N0537
45,A0CD00090,C00090,PCB5090001,R,4,03O800222N0538
45,A0CD00090,C00090,PCB5090001,R,5,03O800222N0539
45,A0CD00090,C00090,PCB5090001,R,6,03O800222N0540
46,A0CD00091,C00091,PCB5091001,L,1,03O800222N0541
46,A0CD00091,C00091,PCB5091001,L,2,03O800222N0542
46,A0CD00091,C00091,PCB5091001,L,3,03O800222N0543
46,A0CD00091,C00091,PCB5091001,L,4,03O800222N0544
46,A0CD00091,C00091,PCB5091001,L,5,03O800222N0545
46,A0CD00091,C00091,PCB5091001,L,6,03O800222N0546
46,A0CD00092,C00092,PCB5092001,R,1,03O800222N0547
46,A0CD00092,C00092,PCB5092001,R,2,03O800222N0548
46,A0CD00092,C00092,PCB5092001,R,3,03O800222N0549
46,A0CD00092,C00092,PCB5092001,R,4,03O800222N0550
46,A0CD00092,C00092,PCB5092001,R,5,03O800222N0551
46,A0CD00092,C00092,PCB5092001,R,6,03O800222N0552
47,A0CD00093,C00093,PCB5093001,L,1,03O800222N0553
47,A0CD00093,C00093,PCB5093001,L,2,03O800222N0554
47,A0CD00093,C00093,PCB5093001,L,3,03O800222N0555
47,A0CD00093,C00093,PCB5093001,L,4,03O800222N0556
47,A0CD00093,C00093,PCB5093001,L,5,03O800222N0557
47,A0CD00093,C00093,PCB5093001,L,6,03O800222N0558
47,A0CD00094,C00094,PCB5094001,R,1,03O800222N0559
47,A0CD00094,C00094,PCB5094001,R,2,03O800222N0560
47,A0CD00094,C00094,PCB5094001,R,3,03O800222N0561
47,A0CD00094,C00094,PCB5094001,R,4,03O800222N0562
47,A0CD00094,C00094,PCB5094001,R,5,03O800222N0563
47,A0CD00094,C00094,PCB5094001,R,6,03O800222N0564
48,A0CD00095,C00095,PCB5095001,L,1,03O800222N0565
48,A0CD00095,C00095,PCB5095001,L,2,03O800222N0566
48,A0CD00095,C00095,PCB5095001,L,3,03O800222N0567
48,A0CD00095,C00095,PCB5095001,L,4,03O800222N0568
48,A0CD00095,C00095,PCB5095001,L,5,03O800222N0569
48,A0CD00095,C00095,PCB5095001,L,6,03O800222N0570
48,A0CD00096,C00096,PCB5096001,R,1,03O800222N0571
48,A0CD00096,C00096,PCB5096001,R,2,03O800222N0572
48,A0CD00096,C00096,PCB5096001,R,3,03O800222N0573
48,A0CD00096,C00096,PCB5096001,R,4,03O800222N0574
48,A0CD00096,C00096,PCB5096001,R,5,03O800222N0575
48,A0CD00096,C00096,PCB5096001,R,6,03O800222N0576
49,A0CD00097,C00097,PCB5097001,L,1,03O800222N0577
49,A0CD00097,C00097,PCB5097001,L,2,03O800222N0578
49,A0CD00097,C00097,PCB5097001,L,3,03O800222N0579
49,A0CD00097,C00097,PCB5097001,L,4,03O800222N0580
49,A0CD00097,C00097,PCB5097001,L,5,03O800222N0581
49,A0CD00097,C00097,PCB5097001,L,6,03O800222N0582
49,A0CD00098,C00098,PCB5098001,R,1,03O800222N0583
49,A0CD00098,C00098,PCB5098001,R,2,03O800222N0584
49,A0CD00098,C00098,PCB5098001,R,3,03O800222N0585
49,A0CD00098,C00098,PCB5098001,R,4,03O800222N0586
49,A0CD00098,C00098,PCB5098001,R,5,03O800222N0587
49,A0CD00098,C00098,PCB5098001,R,6,03O800222N0588
50,A0CD00099,C00099,PCB5099001,L,1,03O800222N0589
50,A0CD00099,C00099,PCB5099001,L,2,03O800222N0590
50,A0CD00099,C00099,PCB5099001,L,3,03O800222N0591
50,A0CD00099,C00099,PCB5099001,L,4,03O800222N0592
50,A0CD00099,C00099,PCB5099001,L,5,03O800222N0593
50,A0CD00099,C00099,PCB5099001,L,6,03O800222N0594
50,A0CD00100,C00100,PCB5100001,R,1,03O800222N0595
50,A0CD00100,C00100,PCB5100001,R,2,03O800222N0596
50,A0CD00100,C00100,PCB5100001,R,3,03O800222N0597
50,A0CD00100,C00100,PCB5100001,R,4,03O800222N0598
50,A0CD00100,C00100,PCB5100001,R,5,03O800222N0599
50,A0CD00100,C00100,PCB5100001,R,6,03O800222N0600
51,A0CD00101,C00101,PCB5101001,L,1,03O800222N0601
51,A0CD00101,C00101,PCB5101001,L,2,03O800222N0602
51,A0CD00101,C00101,PCB5101001,L,3,03O800222N0603
51,A0CD00101,C00101,PCB5101001,L,4,03O800222N0604
51,A0CD00101,C00101,PCB5101001,L,5,03O800222N0605
51,A0CD00101,C00101,PCB5101001,L,6,03O800222N0606
51,A0CD00102,C00102,PCB5102001,R,1,03O800222N0607
51,A0CD00102,C00102,PCB5102001,R,2,03O800222N0608
51,A0CD00102,C00102,PCB5102001,R,3,03O800222N0609
51,A0CD00102,C00102,PCB5102001,R,4,03O800222N0610
51,A0CD00102,C00102,PCB5102001,R,5,03O800222N0611
51,A0CD00102,C00102,PCB5102001,R,6,03O800222N0612
52,A0CD00103,C00103,PCB5103001,L,1,03O800222N0613
52,A0CD00103,C00103,PCB5103001,L,2,03O800222N0614
52,A0CD00103,C00103,PCB5103001,L,3,03O800222N0615
52,A0CD00103,C00103,PCB5103001,L,4,03O800222N0616
52,A0CD00103,C00103,PCB5103001,L,5,03O800222N0617
52,A0CD00103,C00103,PCB5103001,L,6,03O800222N0618
52,A0CD00104,C00104,PCB5104001,R,1,03O800222N0619
52,A0CD00104,C00104,PCB5104001,R,2,03O800222N0620
52,A0CD00104,C00104,PCB5104001,R,3,03O800222N0621
52,A0CD00104,C00104,PCB5104001,R,4,03O800222N0622
52,A0CD00104,C00104,PCB5104001,R,5,03O800222N0623
52,A0CD00104,C00104,PCB5104001,R,6,03O800222N0624
53,A0CD00105,C00105,PCB5105001,L,1,03O800222N0625
53,A0CD00105,C00105,PCB5105001,L,2,03O800222N0626
53,A0CD00105,C00105,PCB5105001,L,3,03O800222N0627
53,A0CD00105,C00105,PCB5105001,L,4,03O800222N0628
53,A0CD00105,C00105,PCB5105001,L,5,03O800222N0629
53,A0CD00105,C00105,PCB5105001,L,6,03O800222N0630
53,A0CD00106,C00106,PCB5106001,R,1,03O800222N0631
53,A0CD00106,C00106,PCB5106001,R,2,03O800222N0632
53,A0CD00106,C00106,PCB5106001,R,3,03O800222N0633
53,A0CD00106,C00106,PCB5106001,R,4,03O800222N0634
53,A0CD00106,C00106,PCB5106001,R,5,03O800222N0635
53,A0CD00106,C00106,PCB5106001,R,6,03O800222N0636
54,A0CD00107,C00107,PCB5107001,L,1,03O800222N0637
54,A0CD00107,C00107,PCB5107001,L,2,03O800222N0638
54,A0CD00107,C00107,PCB5107001,L,3,03O800222N0639
54,A0CD00107,C00107,PCB5107001,L,4,03O800222N0640
54,A0CD00107,C00107,PCB5107001,L,5,03O800222N0641
54,A0CD00107,C00107,PCB5107001,L,6,03O800222N0642
54,A0CD00108,C00108,PCB5108001,R,1,03O800222N0643
54,A0CD00108,C00108,PCB5108001,R,2,03O800222N0644
54,A0CD00108,C00108,PCB5108001,R,3,03O800222N0645
54,A0CD00108,C00108,PCB5108001,R,4,03O800222N0646
54,A0CD00108,C00108,PCB5108001,R,5,03O800222N0647
54,A0CD00108,C00108,PCB5108001,R,6,03O800222N0648
55,A0CD00109,C00109,PCB5109001,L,1,03O800222N0649
55,A0CD00109,C00109,PCB5109001,L,2,03O800222N0650
55,A0CD00109,C00109,PCB5109001,L,3,03O800222N0651
55,A0CD00109,C00109,PCB5109001,L,4,03O800222N0652
55,A0CD00109,C00109,PCB5109001,L,5,03O800222N0653
55,A0CD00109,C00109,PCB5109001,L,6,03O800222N0654
55,A0CD00110,C00110,PCB5110001,R,1,03O800222N0655
55,A0CD00110,C00110,PCB5110001,R,2,03O800222N0656
55,A0CD00110,C00110,PCB5110001,R,3,03O800222N0657
55,A0CD00110,C00110,PCB5110001,R,4,03O800222N0658
55,A0CD00110,C00110,PCB5110001,R,5,03O800222N0659
55,A0CD00110,C00110,PCB5110001,R,6,03O800222N0660
56,A0CD00111,C00111,PCB5111001,L,1,03O800222N0661
56,A0CD00111,C00111,PCB5111001,L,2,03O800222N0662
56,A0CD00111,C00111,PCB5111001,L,3,03O800222N0663
56,A0CD00111,C00111,PCB5111001,L,4,03O800222N0664
56,A0CD00111,C00111,PCB5111001,L,5,03O800222N0665
56,A0CD00111,C00111,PCB5111001,L,6,03O800222N0666
56,A0CD00112,C00112,PCB5112001,R,1,03O800222N0667
56,A0CD00112,C00112,PCB5112001,R,2,03O800222N0668
56,A0CD00112,C00112,PCB5112001,R,3,03O800222N0669
56,A0CD00112,C00112,PCB5112001,R,4,03O800222N0670
56,A0CD00112,C00112,PCB5112001,R,5,03O800222N0671
56,A0CD00112,C00112,PCB5112001,R,6,03O800222N0672
57,A0CD00113,C00113,PCB5113001,L,1,03O800222N0673
57,A0CD00113,C00113,PCB5113001,L,2,03O800222N0674
57,A0CD00113,C00113,PCB5113001,L,3,03O800222N0675
57,A0CD00113,C00113,PCB5113001,L,4,03O800222N0676
57,A0CD00113,C00113,PCB5113001,L,5,03O800222N0677
57,A0CD00113,C00113,PCB5113001,L,6,03O800222N0678
57,A0CD00114,C00114,PCB5114001,R,1,03O800222N0679
57,A0CD00114,C00114,PCB5114001,R,2,03O800222N0680
57,A0CD00114,C00114,PCB5114001,R,3,03O800222N0681
57,A0CD00114,C00114,PCB5114001,R,4,03O800222N0682
57,A0CD00114,C00114,PCB5114001,R,5,03O800222N0683
57,A0CD00114,C00114,PCB5114001,R,6,03O800222N0684
58,A0CD00115,C00115,PCB5115001,L,1,03O800222N0685
58,A0CD00115,C00115,PCB5115001,L,2,03O800222N0686
58,A0CD00115,C00115,PCB5115001,L,3,03O800222N0687
58,A0CD00115,C00115,PCB5115001,L,4,03O800222N0688
58,A0CD00115,C00115,PCB5115001,L,5,03O800222N0689
58,A0CD00115,C00115,PCB5115001,L,6,03O800222N0690
58,A0CD00116,C00116,PCB5116001,R,1,03O800222N0691
58,A0CD00116,C00116,PCB5116001,R,2,03O800222N0692
58,A0CD00116,C00116,PCB5116001,R,3,03O800222N0693
58,A0CD00116,C00116,PCB5116001,R,4,03O800222N0694
58,A0CD00116,C00116,PCB5116001,R,5,03O800222N0695
58,A0CD00116,C00116,PCB5116001,R,6,03O800222N0696
59,A0CD00117,C00117,PCB5117001,L,1,03O800222N0697
59,A0CD00117,C00117,PCB5117001,L,2,03O800222N0698
59,A0CD00117,C00117,PCB5117001,L,3,03O800222N0699
59,A0CD00117,C00117,PCB5117001,L,4,03O800222N0700
59,A0CD00117,C00117,PCB5117001,L,5,03O800222N0701
59,A0CD00117,C00117,PCB5117001,L,6,03O800222N0702
59,A0CD00118,C00118,PCB5118001,R,1,03O800222N0703
59,A0CD00118,C00118,PCB5118001,R,2,03O800222N0704
59,A0CD00118,C00118,PCB5118001,R,3,03O800222N0705
59,A0CD00118,C00118,PCB5118001,R,4,03O800222N0706
59,A0CD00118,C00118,PCB5118001,R,5,03O800222N0707
59,A0CD00118,C00118,PCB5118001,R,6,03O800222N0708
60,A0CD00119,C00119,PCB5119001,L,1,03O800222N0709
60,A0CD00119,C00119,PCB5119001,L,2,03O800222N0710
60,A0CD00119,C00119,PCB5119001,L,3,03O800222N0711
60,A0CD00119,C00119,PCB5119001,L,4,03O800222N0712
60,A0CD00119,C00119,PCB5119001,L,5,03O800222N0713
60,A0CD00119,C00119,PCB5119001,L,6,03O800222N0714
60,A0CD00120,C00120,PCB5120001,R,1,03O800222N0715
60,A0CD00120,C00120,PCB5120001,R,2,03O800222N0716
60,A0CD00120,C00120,PCB5120001,R,3,03O800222N0717
60,A0CD00120,C00120,PCB5120001,R,4,03O800222N0718
60,A0CD00120,C00120,PCB5120001,R,5,03O800222N0719
60,A0CD00120,C00120,PCB5120001,R,6,03O800222N0720
61,A0CD00121,C00121,PCB5121001,L,1,03O800222N0721
61,A0CD00121,C00121,PCB5121001,L,2,03O800222N0722
61,A0CD00121,C00121,PCB5121001,L,3,03O800222N0723
61,A0CD00121,C00121,PCB5121001,L,4,03O800222N0724
61,A0CD00121,C00121,PCB5121001,L,5,03O800222N0725
61,A0CD00121,C00121,PCB5121001,L,6,03O800222N0726
61,A0CD00122,C00122,PCB5122001,R,1,03O800222N0727
61,A0CD00122,C00122,PCB5122001,R,2,03O800222N0728
61,A0CD00122,C00122,PCB5122001,R,3,03O800222N0729
61,A0CD00122,C00122,PCB5122001,R,4,03O800222N0730
61,A0CD00122,C00122,PCB5122001,R,5,03O800222N0731
61,A0CD00122,C00122,PCB5122001,R,6,03O800222N0732
62,A0CD00123,C00123,PCB5123001,L,1,03O800222N0733
62,A0CD00123,C00123,PCB5123001,L,2,03O800222N0734
62,A0CD00123,C00123,PCB5123001,L,3,03O800222N0735
62,A0CD00123,C00123,PCB5123001,L,4,03O800222N0736
62,A0CD00123,C00123,PCB5123001,L,5,03O800222N0737
62,A0CD00123,C00123,PCB5123001,L,6,03O800222N0738
62,A0CD00124,C00124,PCB5124001,R,1,03O800222N0739
62,A0CD00124,C00124,PCB5124001,R,2,03O800222N0740
62,A0CD00124,C00124,PCB5124001,R,3,03O800222N0741
62,A0CD00124,C00124,PCB5124001,R,4,03O800222N0742
62,A0CD00124,C00124,PCB5124001,R,5,03O800222N0743
62,A0CD00124,C00124,PCB5124001,R,6,03O800222N0744
63,A0CD00125,C00125,PCB5125001,L,1,03O800222N0745
63,A0CD00125,C00125,PCB5125001,L,2,03O800222N0746
63,A0CD00125,C00125,PCB5125001,L,3,03O800222N0747
63,A0CD00125,C00125,PCB5125001,L,4,03O800222N0748
63,A0CD00125,C00125,PCB5125001,L,5,03O800222N0749
63,A0CD00125,C00125,PCB5125001,L,6,03O800222N0750
63,A0CD00126,C00126,PCB5126001,R,1,03O800222N0751
63,A0CD00126,C00126,PCB5126001,R,2,03O800222N0752
63,A0CD00126,C00126,PCB5126001,R,3,03O800222N0753
63,A0CD00126,C00126,PCB5126001,R,4,03O800222N0754
63,A0CD00126,C00126,PCB5126001,R,5,03O800222N0755
63,A0CD00126,C00126,PCB5126001,R,6,03O800222N0756
64,A0CD00127,C00127,PCB5127001,L,1,03O800222N0757
64,A0CD00127,C00127,PCB5127001,L,2,03O800222N0758
64,A0CD00127,C00127,PCB5127001,L,3,03O800222N0759
64,A0CD00127,C00127,PCB5127001,L,4,03O800222N0760
64,A0CD00127,C00127,PCB5127001,L,5,03O800222N0761
64,A0CD00127,C00127,PCB5127001,L,6,03O800222N0762
64,A0CD00128,C00128,PCB5128001,R,1,03O800222N0763
64,A0CD00128,C00128,PCB5128001,R,2,03O800222N0764
64,A0CD00128,C00128,PCB5128001,R,3,03O800222N0765
64,A0CD00128,C00128,PCB5128001,R,4,03O800222N0766
64,A0CD00128,C00128,PCB5128001,R,5,03O800222N0767
64,A0CD00128,C00128,PCB5128001,R,6,03O800222N0768
65,A0CD00129,C00129,PCB5129001,L,1,03O800222N0769
65,A0CD00129,C00129,PCB5129001,L,2,03O800222N0770
65,A0CD00129,C00129,PCB5129001,L,3,03O800222N0771
65,A0CD00129,C00129,PCB5129001,L,4,03O800222N0772
65,A0CD00129,C00129,PCB5129001,L,5,03O800222N0773
65,A0CD00129,C00129,PCB5129001,L,6,03O800222N0774
65,A0CD00130,C00130,PCB5130001,R,1,03O800222N0775
65,A0CD00130,C00130,PCB5130001,R,2,03O800222N0776
65,A0CD00130,C00130,PCB5130001,R,3,03O800222N0777
65,A0CD00130,C00130,PCB5130001,R,4,03O800222N0778
65,A0CD00130,C00130,PCB5130001,R,5,03O800222N0779
65,A0CD00130,C00130,PCB5130001,R,6,03O800222N0780
66,A0CD00131,C00131,PCB5131001,L,1,03O800222N0781
66,A0CD00131,C00131,PCB5131001,L,2,03O800222N0782
66,A0CD00131,C00131,PCB5131001,L,3,03O800222N0783
66,A0CD00131,C00131,PCB5131001,L,4,03O800222N0784
66,A0CD00131,C00131,PCB5131001,L,5,03O800222N0785
66,A0CD00131,C00131,PCB5131001,L,6,03O800222N0786
66,A0CD00132,C00132,PCB5132001,R,1,03O800222N0787
66,A0CD00132,C00132,PCB5132001,R,2,03O800222N0788
66,A0CD00132,C00132,PCB5132001,R,3,03O800222N0789
66,A0CD00132,C00132,PCB5132001,R,4,03O800222N0790
66,A0CD00132,C00132,PCB5132001,R,5,03O800222N0791
66,A0CD00132,C00132,PCB5132001,R,6,03O800222N0792
67,A0CD00133,C00133,PCB5133001,L,1,03O800222N0793
67,A0CD00133,C00133,PCB5133001,L,2,03O800222N0794
67,A0CD00133,C00133,PCB5133001,L,3,03O800222N0795
67,A0CD00133,C00133,PCB5133001,L,4,03O800222N0796
67,A0CD00133,C00133,PCB5133001,L,5,03O800222N0797
67,A0CD00133,C00133,PCB5133001,L,6,03O800222N0798
67,A0CD00134,C00134,PCB5134001,R,1,03O800222N0799
67,A0CD00134,C00134,PCB5134001,R,2,03O800222N0800
67,A0CD00134,C00134,PCB5134001,R,3,03O800222N0801
67,A0CD00134,C00134,PCB5134001,R,4,03O800222N0802
67,A0CD00134,C00134,PCB5134001,R,5,03O800222N0803
67,A0CD00134,C00134,PCB5134001,R,6,03O800222N0804
68,A0CD00135,C00135,PCB5135001,L,1,03O800222N0805
68,A0CD00135,C00135,PCB5135001,L,2,03O800222N0806
68,A0CD00135,C00135,PCB5135001,L,3,03O800222N0807
68,A0CD00135,C00135,PCB5135001,L,4,03O800222N0808
68,A0CD00135,C00135,PCB5135001,L,5,03O800222N0809
68,A0CD00135,C00135,PCB5135001,L,6,03O800222N0810
68,A0CD00136,C00136,PCB5136001,R,1,03O800222N0811
68,A0CD00136,C00136,PCB5136001,R,2,03O800222N0812
68,A0CD00136,C00136,PCB5136001,R,3,03O800222N0813
68,A0CD00136,C00136,PCB5136001,R,4,03O800222N0814
68,A0CD00136,C00136,PCB5136001,R,5,03O800222N0815
68,A0CD00136,C00136,PCB5136001,R,6,03O800222N0816
69,A0CD00137,C00137,PCB5137001,L,1,03O800222N0817
69,A0CD00137,C00137,PCB5137001,L,2,03O800222N0818
69,A0CD00137,C00137,PCB5137001,L,3,03O800222N0819
69,A0CD00137,C00137,PCB5137001,L,4,03O800222N0820
69,A0CD00137,C00137,PCB5137001,L,5,03O800222N0821
69,A0CD00137,C00137,PCB5137001,L,6,03O800222N0822
69,A0CD00138,C00138,PCB5138001,R,1,03O800222N0823
69,A0CD00138,C00138,PCB5138001,R,2,03O800222N0824
69,A0CD00138,C00138,PCB5138001,R,3,03O800222N0825
69,A0CD00138,C00138,PCB5138001,R,4,03O800222N0826
69,A0CD00138,C00138,PCB5138001,R,5,03O800222N0827
69,A0CD00138,C00138,PCB5138001,R,6,03O800222N0828
70,A0CD00139,C00139,PCB5139001,L,1,03O800222N0829
70,A0CD00139,C00139,PCB5139001,L,2,03O800222N0830
70,A0CD00139,C00139,PCB5139001,L,3,03O800222N0831
70,A0CD00139,C00139,PCB5139001,L,4,03O800222N0832
70,A0CD00139,C00139,PCB5139001,L,5,03O800222N0833
70,A0CD00139,C00139,PCB5139001,L,6,03O800222N0834
70,A0CD00140,C00140,PCB5140001,R,1,03O800222N0835
70,A0CD00140,C00140,PCB5140001,R,2,03O800222N0836
70,A0CD00140,C00140,PCB5140001,R,3,03O800222N0837
70,A0CD00140,C00140,PCB5140001,R,4,03O800222N0838
70,A0CD00140,C00140,PCB5140001,R,5,03O800222N0839
70,A0CD00140,C00140,PCB5140001,R,6,03O800222N0840
71,A0CD00141,C00141,PCB5141001,L,1,03O800222N0841
71,A0CD00141,C00141,PCB5141001,L,2,03O800222N0842
71,A0CD00141,C00141,PCB5141001,L,3,03O800222N0843
71,A0CD00141,C00141,PCB5141001,L,4,03O800222N0844
71,A0CD00141,C00141,PCB5141001,L,5,03O800222N0845
71,A0CD00141,C00141,PCB5141001,L,6,03O800222N0846
71,A0CD00142,C00142,PCB5142001,R,1,03O800222N0847
71,A0CD00142,C00142,PCB5142001,R,2,03O800222N0848
71,A0CD00142,C00142,PCB5142001,R,3,03O800222N0849
71,A0CD00142,C00142,PCB5142001,R,4,03O800222N0850
71,A0CD00142,C00142,PCB5142001,R,5,03O800222N0851
71,A0CD00142,C00142,PCB5142001,R,6,03O800222N0852
72,A0CD00143,C00143,PCB5143001,L,1,03O800222N0853
72,A0CD00143,C00143,PCB5143001,L,2,03O800222N0854
72,A0CD00143,C00143,PCB5143001,L,3,03O800222N0855
72,A0CD00143,C00143,PCB5143001,L,4,03O800222N0856
72,A0CD00143,C00143,PCB5143001,L,5,03O800222N0857
72,A0CD00143,C00143,PCB5143001,L,6,03O800222N0858
72,A0CD00144,C00144,PCB5144001,R,1,03O800222N0859
72,A0CD00144,C00144,PCB5144001,R,2,03O800222N0860
72,A0CD00144,C00144,PCB5144001,R,3,03O800222N0861
72,A0CD00144,C00144,PCB5144001,R,4,03O800222N0862
72,A0CD00144,C00144,PCB5144001,R,5,03O800222N0863
72,A0CD00144,C00144,PCB5144001,R,6,03O800222N0864
73,A0CD00145,C00145,PCB5145001,L,1,03O800222N0865
73,A0CD00145,C00145,PCB5145001,L,2,03O800222N0866
73,A0CD00145,C00145,PCB5145001,L,3,03O800222N0867
73,A0CD00145,C00145,PCB5145001,L,4,03O800222N0868
73,A0CD00145,C00145,PCB5145001,L,5,03O800222N0869
73,A0CD00145,C00145,PCB5145001,L,6,03O800222N0870
73,A0CD00146,C00146,PCB5146001,R,1,03O800222N0871
73,A0CD00146,C00146,PCB5146001,R,2,03O800222N0872
73,A0CD00146,C00146,PCB5146001,R,3,03O800222N0873
73,A0CD00146,C00146,PCB5146001,R,4,03O800222N0874
73,A0CD00146,C00146,PCB5146001,R,5,03O800222N0875
73,A0CD00146,C00146,PCB5146001,R,6,03O800222N0876
74,A0CD00147,C00147,PCB5147001,L,1,03O800222N0877
74,A0CD00147,C00147,PCB5147001,L,2,03O800222N0878
74,A0CD00147,C00147,PCB5147001,L,3,03O800222N0879
74,A0CD00147,C00147,PCB5147001,L,4,03O800222N0880
74,A0CD00147,C00147,PCB5147001,L,5,03O800222N0881
74,A0CD00147,C00147,PCB5147001,L,6,03O800222N0882
74,A0CD00148,C00148,PCB5148001,R,1,03O800222N0883
74,A0CD00148,C00148,PCB5148001,R,2,03O800222N0884
74,A0CD00148,C00148,PCB5148001,R,3,03O800222N0885
74,A0CD00148,C00148,PCB5148001,R,4,03O800222N0886
74,A0CD00148,C00148,PCB5148001,R,5,03O800222N0887
74,A0CD00148,C00148,PCB5148001,R,6,03O800222N0888
75,A0CD00149,C00149,PCB5149001,L,1,03O800222N0889
75,A0CD00149,C00149,PCB5149001,L,2,03O800222N0890
75,A0CD00149,C00149,PCB5149001,L,3,03O800222N0891
75,A0CD00149,C00149,PCB5149001,L,4,03O800222N0892
75,A0CD00149,C00149,PCB5149001,L,5,03O800222N0893
75,A0CD00149,C00149,PCB5149001,L,6,03O800222N0894
75,A0CD00150,C00150,PCB5150001,R,1,03O800222N0895
75,A0CD00150,C00150,PCB5150001,R,2,03O800222N0896
75,A0CD00150,C00150,PCB5150001,R,3,03O800222N0897
75,A0CD00150,C00150,PCB5150001,R,4,03O800222N0898
75,A0CD00150,C00150,PCB5150001,R,5,03O800222N0899
75,A0CD00150,C00150,PCB5150001,R,6,03O800222N0900
76,A0CD00151,C00151,PCB5151001,L,1,03O800222N0901
76,A0CD00151,C00151,PCB5151001,L,2,03O800222N0902
76,A0CD00151,C00151,PCB5151001,L,3,03O800222N0903
76,A0CD00151,C00151,PCB5151001,L,4,03O800222N0904
76,A0CD00151,C00151,PCB5151001,L,5,03O800222N0905
76,A0CD00151,C00151,PCB5151001,L,6,03O800222N0906
76,A0CD00152,C00152,PCB5152001,R,1,03O800222N0907
76,A0CD00152,C00152,PCB5152001,R,2,03O800222N0908
76,A0CD00152,C00152,PCB5152001,R,3,03O800222N0909
76,A0CD00152,C00152,PCB5152001,R,4,03O800222N0910
76,A0CD00152,C00152,PCB5152001,R,5,03O800222N0911
76,A0CD00152,C00152,PCB5152001,R,6,03O800222N0912
77,A0CD00153,C00153,PCB5153001,L,1,03O800222N0913
77,A0CD00153,C00153,PCB5153001,L,2,03O800222N0914
77,A0CD00153,C00153,PCB5153001,L,3,03O800222N0915
77,A0CD00153,C00153,PCB5153001,L,4,03O800222N0916
77,A0CD00153,C00153,PCB5153001,L,5,03O800222N0917
77,A0CD00153,C00153,PCB5153001,L,6,03O800222N0918
77,A0CD00154,C00154,PCB5154001,R,1,03O800222N0919
77,A0CD00154,C00154,PCB5154001,R,2,03O800222N0920
77,A0CD00154,C00154,PCB5154001,R,3,03O800222N0921
77,A0CD00154,C00154,PCB5154001,R,4,03O800222N0922
77,A0CD00154,C00154,PCB5154001,R,5,03O800222N0923
77,A0CD00154,C00154,PCB5154001,R,6,03O800222N0924
78,A0CD00155,C00155,PCB5155001,L,1,03O800222N0925
78,A0CD00155,C00155,PCB5155001,L,2,03O800222N0926
78,A0CD00155,C00155,PCB5155001,L,3,03O800222N0927
78,A0CD00155,C00155,PCB5155001,L,4,03O800222N0928
78,A0CD00155,C00155,PCB5155001,L,5,03O800222N0929
78,A0CD00155,C00155,PCB5155001,L,6,03O800222N0930
78,A0CD00156,C00156,PCB5156001,R,1,03O800222N0931
78,A0CD00156,C00156,PCB5156001,R,2,03O800222N0932
78,A0CD00156,C00156,PCB5156001,R,3,03O800222N0933
78,A0CD00156,C00156,PCB5156001,R,4,03O800222N0934
78,A0CD00156,C00156,PCB5156001,R,5,03O800222N0935
78,A0CD00156,C00156,PCB5156001,R,6,03O800222N0936
79,A0CD00157,C00157,PCB5157001,L,1,03O800222N0937
79,A0CD00157,C00157,PCB5157001,L,2,03O800222N0938
79,A0CD00157,C00157,PCB5157001,L,3,03O800222N0939
79,A0CD00157,C00157,PCB5157001,L,4,03O800222N0940
79,A0CD00157,C00157,PCB5157001,L,5,03O800222N0941
79,A0CD00157,C00157,PCB5157001,L,6,03O800222N0942
79,A0CD00158,C00158,PCB5158001,R,1,03O800222N0943
79,A0CD00158,C00158,PCB5158001,R,2,03O800222N0944
79,A0CD00158,C00158,PCB5158001,R,3,03O800222N0945
79,A0CD00158,C00158,PCB5158001,R,4,03O800222N0946
79,A0CD00158,C00158,PCB5158001,R,5,03O800222N0947
79,A0CD00158,C00158,PCB5158001,R,6,03O800222N0948
80,A0CD00159,C00159,PCB5159001,L,1,03O800222N0949
80,A0CD00159,C00159,PCB5159001,L,2,03O800222N0950
80,A0CD00159,C00159,PCB5159001,L,3,03O800222N0951
80,A0CD00159,C00159,PCB5159001,L,4,03O800222N0952
80,A0CD00159,C00159,PCB5159001,L,5,03O800222N0953
80,A0CD00159,C00159,PCB5159001,L,6,03O800222N0954
80,A0CD00160,C00160,PCB5160001,R,1,03O800222N0955
80,A0CD00160,C00160,PCB5160001,R,2,03O800222N0956
80,A0CD00160,C00160,PCB5160001,R,3,03O800222N0957
80,A0CD00160,C00160,PCB5160001,R,4,03O800222N0958
80,A0CD00160,C00160,PCB5160001,R,5,03O800222N0959
80,A0CD00160,C00160,PCB5160001,R,6,03O800222N0960
81,A0CD00161,C00161,PCB5161001,L,1,03O800222N0961
81,A0CD00161,C00161,PCB5161001,L,2,03O800222N0962
81,A0CD00161,C00161,PCB5161001,L,3,03O800222N0963
81,A0CD00161,C00161,PCB5161001,L,4,03O800222N0964
81,A0CD00161,C00161,PCB5161001,L,5,03O800222N0965
81,A0CD00161,C00161,PCB5161001,L,6,03O800222N0966
81,A0CD00162,C00162,PCB5162001,R,1,03O800222N0967
81,A0CD00162,C00162,PCB5162001,R,2,03O800222N0968
81,A0CD00162,C00162,PCB5162001,R,3,03O800222N0969
81,A0CD00162,C00162,PCB5162001,R,4,03O800222N0970
81,A0CD00162,C00162,PCB5162001,R,5,03O800222N0971
81,A0CD00162,C00162,PCB5162001,R,6,03O800222N0972
82,A0CD00163,C00163,PCB5163001,L,1,03O800222N0973
82,A0CD00163,C00163,PCB5163001,L,2,03O800222N0974
82,A0CD00163,C00163,PCB5163001,L,3,03O800222N0975
82,A0CD00163,C00163,PCB5163001,L,4,03O800222N0976
82,A0CD00163,C00163,PCB5163001,L,5,03O800222N0977
82,A0CD00163,C00163,PCB5163001,L,6,03O800222N0978
82,A0CD00164,C00164,PCB5164001,R,1,03O800222N0979
82,A0CD00164,C00164,PCB5164001,R,2,03O800222N0980
82,A0CD00164,C00164,PCB5164001,R,3,03O800222N0981
82,A0CD00164,C00164,PCB5164001,R,4,03O800222N0982
82,A0CD00164,C00164,PCB5164001,R,5,03O800222N0983
82,A0CD00164,C00164,PCB5164001,R,6,03O800222N0984
83,A0CD00165,C00165,PCB5165001,L,1,03O800222N0985
83,A0CD00165,C00165,PCB5165001,L,2,03O800222N0986
83,A0CD00165,C00165,PCB5165001,L,3,03O800222N0987
83,A0CD00165,C00165,PCB5165001,L,4,03O800222N0988
83,A0CD00165,C00165,PCB5165001,L,5,03O800222N0989
83,A0CD00165,C00165,PCB5165001,L,6,03O800222N0990
83,A0CD00166,C00166,PCB5166001,R,1,03O800222N0991
83,A0CD00166,C00166,PCB5166001,R,2,03O800222N0992
83,A0CD00166,C00166,PCB5166001,R,3,03O800222N0993
83,A0CD00166,C00166,PCB5166001,R,4,03O800222N0994
83,A0CD00166,C00166,PCB5166001,R,5,03O800222N0995
83,A0CD00166,C00166,PCB5166001,R,6,03O800222N0996
84,A0CD00167,C00167,PCB5167001,L,1,03O800222N0997
84,A0CD00167,C00167,PCB5167001,L,2,03O800222N0998
84,A0CD00167,C00167,PCB5167001,L,3,03O800222N0999
84,A0CD00167,C00167,PCB5167001,L,4,03O800222N1000
84,A0CD00167,C00167,PCB5167001,L,5,03O800222N1001
84,A0CD00167,C00167,PCB5167001,L,6,03O800222N1002
84,A0CD00168,C00168,PCB5168001,R,1,03O800222N1003
84,A0CD00168,C00168,PCB5168001,R,2,03O800222N1004
84,A0CD00168,C00168,PCB5168001,R,3,03O800222N1005
84,A0CD00168,C00168,PCB5168001,R,4,03O800222N1006
84,A0CD00168,C00168,PCB5168001,R,5,03O800222N1007
84,A0CD00168,C00168,PCB5168001,R,6,03O800222N1008